{
  "mobileCodeList": {
    "hotList": [
      {
        "zhName": "台灣",
        "enName": "Taiwan",
        "shortName": "TW",
        "firstLetter": "T",
        "code": "886",
        "id": 92
      },
      {
        "zhName": "美國",
        "enName": "United States",
        "shortName": "US",
        "firstLetter": "U",
        "code": "1",
        "id": 204
      },
      {
        "zhName": "香港",
        "enName": "Hong Kong",
        "shortName": "HK",
        "firstLetter": "H",
        "code": "852",
        "id": 81
      },
      {
        "zhName": "日本",
        "enName": "Japan",
        "shortName": "JP",
        "firstLetter": "J",
        "code": "81",
        "id": 12
      },
      {
        "zhName": "中國",
        "enName": "China",
        "shortName": "CN",
        "firstLetter": "C",
        "code": "86",
        "id": 128
      },
      {
        "zhName": "新加坡",
        "enName": "Singapore",
        "shortName": "SG",
        "firstLetter": "S",
        "code": "65",
        "id": 243
      },
      {
        "zhName": "澳洲",
        "enName": "Australia",
        "shortName": "AU",
        "firstLetter": "A",
        "code": "61",
        "id": 27
      },
      {
        "zhName": "加拿大",
        "enName": "Canada",
        "shortName": "CA",
        "firstLetter": "C",
        "code": "1",
        "id": 120
      },
      {
        "zhName": "韓國",
        "enName": "South Korea",
        "shortName": "KR",
        "firstLetter": "K",
        "code": "82",
        "id": 101
      }
    ],
    "list": [
      {
        "zhName": "安道爾",
        "enName": "Andorra",
        "shortName": "AD",
        "firstLetter": "A",
        "code": "376",
        "id": 93
      },
      {
        "zhName": "阿拉伯聯合大公國",
        "enName": "United Arab Emirates",
        "shortName": "AE",
        "firstLetter": "A",
        "code": "971",
        "id": 150
      },
      {
        "zhName": "阿富汗",
        "enName": "Afghanistan",
        "shortName": "AF",
        "firstLetter": "A",
        "code": "93",
        "id": 148
      },
      {
        "zhName": "安地卡及巴布達",
        "enName": "Antigua and barbuda",
        "shortName": "AG",
        "firstLetter": "A",
        "code": "1268",
        "id": 96
      },
      {
        "zhName": "安圭拉",
        "enName": "Anguilla",
        "shortName": "AI",
        "firstLetter": "A",
        "code": "1264",
        "id": 95
      },
      {
        "zhName": "阿爾巴尼亞",
        "enName": "Albania",
        "shortName": "AL",
        "firstLetter": "A",
        "code": "355",
        "id": 146
      },
      {
        "zhName": "亞美尼亞",
        "enName": "Armenia",
        "shortName": "AM",
        "firstLetter": "A",
        "code": "374",
        "id": 145
      },
      {
        "zhName": "荷屬安第列斯",
        "enName": "Netherlands Antilles",
        "shortName": "AN",
        "firstLetter": "A",
        "code": "599",
        "id": 200
      },
      {
        "zhName": "安哥拉",
        "enName": "Angola",
        "shortName": "AO",
        "firstLetter": "A",
        "code": "244",
        "id": 94
      },
      {
        "zhName": "南極洲",
        "enName": "Antarctica",
        "shortName": "AQ",
        "firstLetter": "A",
        "code": "672",
        "id": 106
      },
      {
        "zhName": "阿根廷",
        "enName": "Argentina",
        "shortName": "AR",
        "firstLetter": "A",
        "code": "54",
        "id": 149
      },
      {
        "zhName": "美屬薩摩亞",
        "enName": "American Samoa",
        "shortName": "AS",
        "firstLetter": "A",
        "code": "1684",
        "id": 206
      },
      {
        "zhName": "奧地利",
        "enName": "Austria",
        "shortName": "AT",
        "firstLetter": "A",
        "code": "43",
        "id": 59
      },
      {
        "zhName": "澳洲",
        "enName": "Australia",
        "shortName": "AU",
        "firstLetter": "A",
        "code": "61",
        "id": 27
      },
      {
        "zhName": "阿魯巴",
        "enName": "Aruba",
        "shortName": "AW",
        "firstLetter": "A",
        "code": "297",
        "id": 151
      },
      {
        "zhName": "亞塞拜然",
        "enName": "Azerbaijan",
        "shortName": "AZ",
        "firstLetter": "A",
        "code": "994",
        "id": 153
      },
      {
        "zhName": "波士尼亞與赫塞哥維納",
        "enName": "Bosnia and Herzegovina",
        "shortName": "BA",
        "firstLetter": "B",
        "code": "387",
        "id": 30
      },
      {
        "zhName": "巴貝多",
        "enName": "Barbados",
        "shortName": "BB",
        "firstLetter": "B",
        "code": "1246",
        "id": 1
      },
      {
        "zhName": "孟加拉",
        "enName": "Bangladesh",
        "shortName": "BD",
        "firstLetter": "B",
        "code": "880",
        "id": 157
      },
      {
        "zhName": "比利時",
        "enName": "Belgium",
        "shortName": "BE",
        "firstLetter": "B",
        "code": "32",
        "id": 168
      },
      {
        "zhName": "布吉納法索",
        "enName": "Burkina Faso",
        "shortName": "BF",
        "firstLetter": "B",
        "code": "226",
        "id": 117
      },
      {
        "zhName": "保加利亞",
        "enName": "Bulgaria",
        "shortName": "BG",
        "firstLetter": "B",
        "code": "359",
        "id": 159
      },
      {
        "zhName": "巴林",
        "enName": "Bahrain",
        "shortName": "BH",
        "firstLetter": "B",
        "code": "973",
        "id": 7
      },
      {
        "zhName": "蒲隆地",
        "enName": "Burundi",
        "shortName": "BI",
        "firstLetter": "B",
        "code": "257",
        "id": 118
      },
      {
        "zhName": "貝南",
        "enName": "Benin",
        "shortName": "BJ",
        "firstLetter": "B",
        "code": "229",
        "id": 15
      },
      {
        "zhName": "聖巴泰勒米",
        "enName": "Saint Barthelemy",
        "shortName": "BL",
        "firstLetter": "B",
        "code": "590",
        "id": 191
      },
      {
        "zhName": "百慕達",
        "enName": "Bermuda",
        "shortName": "BM",
        "firstLetter": "B",
        "code": "1441",
        "id": 129
      },
      {
        "zhName": "汶萊",
        "enName": "Brunei",
        "shortName": "BN",
        "firstLetter": "B",
        "code": "673",
        "id": 242
      },
      {
        "zhName": "玻利維亞",
        "enName": "Bolivia",
        "shortName": "BO",
        "firstLetter": "B",
        "code": "591",
        "id": 130
      },
      {
        "zhName": "博內爾島，聖尤斯特歇斯和薩巴",
        "enName": "Bonaire, Saint Eustatius and Saba",
        "shortName": "BQ",
        "firstLetter": "B",
        "code": "599",
        "id": 98
      },
      {
        "zhName": "巴西",
        "enName": "Brazil",
        "shortName": "BR",
        "firstLetter": "B",
        "code": "55",
        "id": 9
      },
      {
        "zhName": "巴哈馬",
        "enName": "Bahamas",
        "shortName": "BS",
        "firstLetter": "B",
        "code": "1242",
        "id": 3
      },
      {
        "zhName": "不丹",
        "enName": "Bhutan",
        "shortName": "BT",
        "firstLetter": "B",
        "code": "975",
        "id": 131
      },
      {
        "zhName": "布韋島",
        "enName": "Bouvet Island",
        "shortName": "BV",
        "firstLetter": "B",
        "code": "74",
        "id": 119
      },
      {
        "zhName": "波扎那",
        "enName": "Botswana",
        "shortName": "BW",
        "firstLetter": "B",
        "code": "267",
        "id": 97
      },
      {
        "zhName": "白俄羅斯",
        "enName": "Belarus",
        "shortName": "BY",
        "firstLetter": "B",
        "code": "375",
        "id": 60
      },
      {
        "zhName": "貝里斯",
        "enName": "Belize",
        "shortName": "BZ",
        "firstLetter": "B",
        "code": "501",
        "id": 160
      },
      {
        "zhName": "加拿大",
        "enName": "Canada",
        "shortName": "CA",
        "firstLetter": "C",
        "code": "1",
        "id": 120
      },
      {
        "zhName": "科科斯（基林）群島",
        "enName": "Cocos (Keeling) Islands",
        "shortName": "CC",
        "firstLetter": "C",
        "code": "61",
        "id": 63
      },
      {
        "zhName": "剛果民主共和國",
        "enName": "Congo, Democratic republic of",
        "shortName": "CD",
        "firstLetter": "C",
        "code": "243",
        "id": 19
      },
      {
        "zhName": "中非",
        "enName": "Central Africa Republic",
        "shortName": "CF",
        "firstLetter": "C",
        "code": "236",
        "id": 127
      },
      {
        "zhName": "剛果",
        "enName": "Congo",
        "shortName": "CG",
        "firstLetter": "C",
        "code": "242",
        "id": 18
      },
      {
        "zhName": "瑞士",
        "enName": "Switzerland",
        "shortName": "CH",
        "firstLetter": "C",
        "code": "41",
        "id": 139
      },
      {
        "zhName": "象牙海岸",
        "enName": "Cote dIvoire",
        "shortName": "CI",
        "firstLetter": "C",
        "code": "225",
        "id": 65
      },
      {
        "zhName": "庫克群島",
        "enName": "Cook Islands",
        "shortName": "CK",
        "firstLetter": "C",
        "code": "682",
        "id": 87
      },
      {
        "zhName": "智利",
        "enName": "Chile",
        "shortName": "CL",
        "firstLetter": "C",
        "code": "56",
        "id": 167
      },
      {
        "zhName": "喀麥隆",
        "enName": "Cameroon",
        "shortName": "CM",
        "firstLetter": "C",
        "code": "237",
        "id": 177
      },
      {
        "zhName": "中國",
        "enName": "China",
        "shortName": "CN",
        "firstLetter": "C",
        "code": "86",
        "id": 128
      },
      {
        "zhName": "哥倫比亞",
        "enName": "Colombia",
        "shortName": "CO",
        "firstLetter": "C",
        "code": "57",
        "id": 134
      },
      {
        "zhName": "哥斯大黎加",
        "enName": "Costa Rica",
        "shortName": "CR",
        "firstLetter": "C",
        "code": "506",
        "id": 135
      },
      {
        "zhName": "古巴",
        "enName": "Cuba",
        "shortName": "CU",
        "firstLetter": "C",
        "code": "53",
        "id": 100
      },
      {
        "zhName": "維德角",
        "enName": "Cape Verde",
        "shortName": "CV",
        "firstLetter": "C",
        "code": "238",
        "id": 162
      },
      {
        "zhName": "庫拉索島",
        "enName": "CURACAO",
        "shortName": "CW",
        "firstLetter": "C",
        "code": "531",
        "id": 88
      },
      {
        "zhName": "聖誕島",
        "enName": "Christmas Island",
        "shortName": "CX",
        "firstLetter": "C",
        "code": "61",
        "id": 192
      },
      {
        "zhName": "賽普勒斯",
        "enName": "Cyprus",
        "shortName": "CY",
        "firstLetter": "C",
        "code": "357",
        "id": 112
      },
      {
        "zhName": "捷克",
        "enName": "Czech Republic",
        "shortName": "CZ",
        "firstLetter": "C",
        "code": "420",
        "id": 171
      },
      {
        "zhName": "德國",
        "enName": "Germany",
        "shortName": "DE",
        "firstLetter": "D",
        "code": "49",
        "id": 61
      },
      {
        "zhName": "吉布地",
        "enName": "Djibouti",
        "shortName": "DJ",
        "firstLetter": "D",
        "code": "253",
        "id": 52
      },
      {
        "zhName": "丹麥",
        "enName": "Denmark",
        "shortName": "DK",
        "firstLetter": "D",
        "code": "45",
        "id": 16
      },
      {
        "zhName": "多米尼克",
        "enName": "Dominica",
        "shortName": "DM",
        "firstLetter": "D",
        "code": "1 767",
        "id": 155
      },
      {
        "zhName": "多明尼加",
        "enName": "Dominican Republic",
        "shortName": "DO",
        "firstLetter": "D",
        "code": "1809",
        "id": 156
      },
      {
        "zhName": "阿爾及利亞",
        "enName": "Algeria",
        "shortName": "DZ",
        "firstLetter": "D",
        "code": "213",
        "id": 147
      },
      {
        "zhName": "厄瓜多",
        "enName": "Ecuador",
        "shortName": "EC",
        "firstLetter": "E",
        "code": "593",
        "id": 132
      },
      {
        "zhName": "愛沙尼亞",
        "enName": "Estonia",
        "shortName": "EE",
        "firstLetter": "E",
        "code": "372",
        "id": 14
      },
      {
        "zhName": "埃及",
        "enName": "Egypt",
        "shortName": "EG",
        "firstLetter": "E",
        "code": "20",
        "id": 47
      },
      {
        "zhName": "西撒哈拉",
        "enName": "Western Sahara",
        "shortName": "EH",
        "firstLetter": "E",
        "code": "212",
        "id": 143
      },
      {
        "zhName": "厄利垂亞",
        "enName": "Eritrea",
        "shortName": "ER",
        "firstLetter": "E",
        "code": "291",
        "id": 133
      },
      {
        "zhName": "西班牙",
        "enName": "Spain",
        "shortName": "ES",
        "firstLetter": "E",
        "code": "34",
        "id": 142
      },
      {
        "zhName": "衣索比亞",
        "enName": "Ethiopia",
        "shortName": "ET",
        "firstLetter": "E",
        "code": "251",
        "id": 48
      },
      {
        "zhName": "芬蘭",
        "enName": "Finland",
        "shortName": "FI",
        "firstLetter": "F",
        "code": "358",
        "id": 198
      },
      {
        "zhName": "斐濟",
        "enName": "Fiji",
        "shortName": "FJ",
        "firstLetter": "F",
        "code": "679",
        "id": 125
      },
      {
        "zhName": "福克蘭群島（馬爾維納斯）",
        "enName": "Falkland Islands (Malvinas)",
        "shortName": "FK",
        "firstLetter": "F",
        "code": "500",
        "id": 86
      },
      {
        "zhName": "密克羅尼西亞",
        "enName": "Micronesia",
        "shortName": "FM",
        "firstLetter": "F",
        "code": "691",
        "id": 104
      },
      {
        "zhName": "法羅群島",
        "enName": "Faroe Islands",
        "shortName": "FO",
        "firstLetter": "F",
        "code": "298",
        "id": 33
      },
      {
        "zhName": "法國",
        "enName": "France",
        "shortName": "FR",
        "firstLetter": "F",
        "code": "33",
        "id": 32
      },
      {
        "zhName": "加彭",
        "enName": "Gabon",
        "shortName": "GA",
        "firstLetter": "G",
        "code": "241",
        "id": 122
      },
      {
        "zhName": "英國",
        "enName": "United Kingdom",
        "shortName": "GB",
        "firstLetter": "G",
        "code": "44",
        "id": 220
      },
      {
        "zhName": "格瑞那達",
        "enName": "Grenada",
        "shortName": "GD",
        "firstLetter": "G",
        "code": "1473",
        "id": 22
      },
      {
        "zhName": "喬治亞",
        "enName": "Georgia",
        "shortName": "GE",
        "firstLetter": "G",
        "code": "995",
        "id": 24
      },
      {
        "zhName": "法屬圭亞那",
        "enName": "French Guiana",
        "shortName": "GF",
        "firstLetter": "G",
        "code": "594",
        "id": 35
      },
      {
        "zhName": "迦納",
        "enName": "Ghana",
        "shortName": "GH",
        "firstLetter": "G",
        "code": "233",
        "id": 121
      },
      {
        "zhName": "直布羅陀",
        "enName": "Gibraltar",
        "shortName": "GI",
        "firstLetter": "G",
        "code": "350",
        "id": 116
      },
      {
        "zhName": "格陵蘭",
        "enName": "Greenland",
        "shortName": "GL",
        "firstLetter": "G",
        "code": "299",
        "id": 23
      },
      {
        "zhName": "甘比亞",
        "enName": "Gambia",
        "shortName": "GM",
        "firstLetter": "G",
        "code": "220",
        "id": 17
      },
      {
        "zhName": "幾內亞",
        "enName": "Guinea",
        "shortName": "GN",
        "firstLetter": "G",
        "code": "224",
        "id": 223
      },
      {
        "zhName": "瓜德羅普島",
        "enName": "Guadeloupe",
        "shortName": "GP",
        "firstLetter": "G",
        "code": "590",
        "id": 62
      },
      {
        "zhName": "赤道幾內亞",
        "enName": "Equatorial Guinea",
        "shortName": "GQ",
        "firstLetter": "G",
        "code": "240",
        "id": 49
      },
      {
        "zhName": "希臘",
        "enName": "Greece",
        "shortName": "GR",
        "firstLetter": "G",
        "code": "30",
        "id": 123
      },
      {
        "zhName": "南喬治亞和南桑德維奇群島",
        "enName": "South Georgia and the SouthSandwich Islands",
        "shortName": "GS",
        "firstLetter": "G",
        "code": "239",
        "id": 107
      },
      {
        "zhName": "瓜地馬拉",
        "enName": "Guatemala",
        "shortName": "GT",
        "firstLetter": "G",
        "code": "502",
        "id": 158
      },
      {
        "zhName": "關島",
        "enName": "Guam",
        "shortName": "GU",
        "firstLetter": "G",
        "code": "1671",
        "id": 10
      },
      {
        "zhName": "幾內亞比索",
        "enName": "Guinea-bissau",
        "shortName": "GW",
        "firstLetter": "G",
        "code": "245",
        "id": 224
      },
      {
        "zhName": "蓋亞那",
        "enName": "Guyana",
        "shortName": "GY",
        "firstLetter": "G",
        "code": "592",
        "id": 50
      },
      {
        "zhName": "香港",
        "enName": "Hong Kong",
        "shortName": "HK",
        "firstLetter": "H",
        "code": "852",
        "id": 81
      },
      {
        "zhName": "赫德群島和麥克唐納群島",
        "enName": "Heard Islands and McDonald Islands",
        "shortName": "HM",
        "firstLetter": "H",
        "code": "334",
        "id": 51
      },
      {
        "zhName": "宏都拉斯",
        "enName": "Honduras",
        "shortName": "HN",
        "firstLetter": "H",
        "code": "504",
        "id": 39
      },
      {
        "zhName": "克羅埃西亞",
        "enName": "Croatia",
        "shortName": "HR",
        "firstLetter": "H",
        "code": "385",
        "id": 102
      },
      {
        "zhName": "海地",
        "enName": "Haiti",
        "shortName": "HT",
        "firstLetter": "H",
        "code": "509",
        "id": 38
      },
      {
        "zhName": "匈牙利",
        "enName": "Hungary",
        "shortName": "HU",
        "firstLetter": "H",
        "code": "36",
        "id": 169
      },
      {
        "zhName": "印尼",
        "enName": "Indonesia",
        "shortName": "ID",
        "firstLetter": "I",
        "code": "62",
        "id": 83
      },
      {
        "zhName": "愛爾蘭",
        "enName": "Ireland",
        "shortName": "IE",
        "firstLetter": "I",
        "code": "353",
        "id": 13
      },
      {
        "zhName": "以色列",
        "enName": "Israel",
        "shortName": "IL",
        "firstLetter": "I",
        "code": "972",
        "id": 229
      },
      {
        "zhName": "印度",
        "enName": "India",
        "shortName": "IN",
        "firstLetter": "I",
        "code": "91",
        "id": 82
      },
      {
        "zhName": "英屬印度洋領地",
        "enName": "British Indian Ocean Territory",
        "shortName": "IO",
        "firstLetter": "I",
        "code": "246",
        "id": 222
      },
      {
        "zhName": "伊拉克",
        "enName": "Iraq",
        "shortName": "IQ",
        "firstLetter": "I",
        "code": "964",
        "id": 164
      },
      {
        "zhName": "伊朗",
        "enName": "Iran",
        "shortName": "IR",
        "firstLetter": "I",
        "code": "98",
        "id": 165
      },
      {
        "zhName": "冰島",
        "enName": "Iceland",
        "shortName": "IS",
        "firstLetter": "I",
        "code": "354",
        "id": 85
      },
      {
        "zhName": "義大利",
        "enName": "Italy",
        "shortName": "IT",
        "firstLetter": "I",
        "code": "39",
        "id": 246
      },
      {
        "zhName": "牙買加",
        "enName": "Jamaica",
        "shortName": "JM",
        "firstLetter": "J",
        "code": "1876",
        "id": 144
      },
      {
        "zhName": "約旦",
        "enName": "Jordan",
        "shortName": "JO",
        "firstLetter": "J",
        "code": "962",
        "id": 230
      },
      {
        "zhName": "日本",
        "enName": "Japan",
        "shortName": "JP",
        "firstLetter": "J",
        "code": "81",
        "id": 12
      },
      {
        "zhName": "肯亞",
        "enName": "Kenya",
        "shortName": "KE",
        "firstLetter": "K",
        "code": "254",
        "id": 237
      },
      {
        "zhName": "吉爾吉斯",
        "enName": "Kyrgyzstan",
        "shortName": "KG",
        "firstLetter": "K",
        "code": "996",
        "id": 53
      },
      {
        "zhName": "柬埔寨",
        "enName": "Cambodia",
        "shortName": "KH",
        "firstLetter": "K",
        "code": "855",
        "id": 25
      },
      {
        "zhName": "吉里巴斯",
        "enName": "Kiribati",
        "shortName": "KI",
        "firstLetter": "K",
        "code": "686",
        "id": 202
      },
      {
        "zhName": "葛摩",
        "enName": "Comoros",
        "shortName": "KM",
        "firstLetter": "K",
        "code": "269",
        "id": 64
      },
      {
        "zhName": "聖克里斯多福及尼維斯",
        "enName": "Saint Kitts and Nevis",
        "shortName": "KN",
        "firstLetter": "K",
        "code": "1869",
        "id": 43
      },
      {
        "zhName": "北韓",
        "enName": "North Korea",
        "shortName": "KP",
        "firstLetter": "K",
        "code": "850",
        "id": 99
      },
      {
        "zhName": "韓國",
        "enName": "South Korea",
        "shortName": "KR",
        "firstLetter": "K",
        "code": "82",
        "id": 101
      },
      {
        "zhName": "科威特",
        "enName": "Kuwait",
        "shortName": "KW",
        "firstLetter": "K",
        "code": "965",
        "id": 66
      },
      {
        "zhName": "開曼群島",
        "enName": "Cayman Islands",
        "shortName": "KY",
        "firstLetter": "K",
        "code": "1345",
        "id": 11
      },
      {
        "zhName": "哈薩克",
        "enName": "Kazakhstan",
        "shortName": "KZ",
        "firstLetter": "K",
        "code": "7",
        "id": 176
      },
      {
        "zhName": "寮國",
        "enName": "Lao",
        "shortName": "LA",
        "firstLetter": "L",
        "code": "856",
        "id": 103
      },
      {
        "zhName": "黎巴嫩",
        "enName": "Lebanon",
        "shortName": "LB",
        "firstLetter": "L",
        "code": "961",
        "id": 67
      },
      {
        "zhName": "聖露西亞",
        "enName": "Saint Lucia",
        "shortName": "LC",
        "firstLetter": "L",
        "code": "1758",
        "id": 44
      },
      {
        "zhName": "列支敦士登",
        "enName": "Liechtenstein",
        "shortName": "LI",
        "firstLetter": "L",
        "code": "423",
        "id": 136
      },
      {
        "zhName": "斯里蘭卡",
        "enName": "Sri Lanka",
        "shortName": "LK",
        "firstLetter": "L",
        "code": "94",
        "id": 213
      },
      {
        "zhName": "賴比瑞亞",
        "enName": "Liberia",
        "shortName": "LR",
        "firstLetter": "L",
        "code": "231",
        "id": 68
      },
      {
        "zhName": "賴索托",
        "enName": "Lesotho",
        "shortName": "LS",
        "firstLetter": "L",
        "code": "266",
        "id": 203
      },
      {
        "zhName": "立陶宛",
        "enName": "Lithuania",
        "shortName": "LT",
        "firstLetter": "L",
        "code": "370",
        "id": 238
      },
      {
        "zhName": "盧森堡",
        "enName": "Luxembourg",
        "shortName": "LU",
        "firstLetter": "L",
        "code": "352",
        "id": 239
      },
      {
        "zhName": "拉托維亞",
        "enName": "Latvia",
        "shortName": "LV",
        "firstLetter": "L",
        "code": "371",
        "id": 172
      },
      {
        "zhName": "利比亞",
        "enName": "Libya",
        "shortName": "LY",
        "firstLetter": "L",
        "code": "218",
        "id": 69
      },
      {
        "zhName": "摩洛哥",
        "enName": "Morocco",
        "shortName": "MA",
        "firstLetter": "M",
        "code": "212",
        "id": 90
      },
      {
        "zhName": "摩納哥",
        "enName": "Monaco",
        "shortName": "MC",
        "firstLetter": "M",
        "code": "377",
        "id": 91
      },
      {
        "zhName": "摩爾多瓦",
        "enName": "Moldova",
        "shortName": "MD",
        "firstLetter": "M",
        "code": "373",
        "id": 89
      },
      {
        "zhName": "蒙特內哥羅",
        "enName": "Montenegro",
        "shortName": "ME",
        "firstLetter": "M",
        "code": "382",
        "id": 231
      },
      {
        "zhName": "聖馬丁",
        "enName": "Saint Martin",
        "shortName": "MF",
        "firstLetter": "M",
        "code": "1599",
        "id": 194
      },
      {
        "zhName": "馬達加斯加",
        "enName": "Madagascar",
        "shortName": "MG",
        "firstLetter": "M",
        "code": "261",
        "id": 178
      },
      {
        "zhName": "馬紹爾群島",
        "enName": "Marshall Islands",
        "shortName": "MH",
        "firstLetter": "M",
        "code": "692",
        "id": 185
      },
      {
        "zhName": "北馬其頓",
        "enName": "Macedonia",
        "shortName": "MK",
        "firstLetter": "M",
        "code": "389",
        "id": 184
      },
      {
        "zhName": "馬利",
        "enName": "Mali",
        "shortName": "ML",
        "firstLetter": "M",
        "code": "223",
        "id": 183
      },
      {
        "zhName": "緬甸",
        "enName": "Myanmar",
        "shortName": "MM",
        "firstLetter": "M",
        "code": "95",
        "id": 225
      },
      {
        "zhName": "蒙古",
        "enName": "Mongolia",
        "shortName": "MN",
        "firstLetter": "M",
        "code": "976",
        "id": 209
      },
      {
        "zhName": "澳門",
        "enName": "Macau",
        "shortName": "MO",
        "firstLetter": "M",
        "code": "853",
        "id": 28
      },
      {
        "zhName": "北馬里亞納群島",
        "enName": "Northern Marianas Islands",
        "shortName": "MP",
        "firstLetter": "M",
        "code": "1670",
        "id": 124
      },
      {
        "zhName": "法屬馬丁尼克",
        "enName": "Martinique",
        "shortName": "MQ",
        "firstLetter": "M",
        "code": "596",
        "id": 36
      },
      {
        "zhName": "茅利塔尼亞",
        "enName": "Mauritania",
        "shortName": "MR",
        "firstLetter": "M",
        "code": "222",
        "id": 71
      },
      {
        "zhName": "英屬蒙塞拉特島",
        "enName": "Montserrat",
        "shortName": "MS",
        "firstLetter": "M",
        "code": "1664",
        "id": 221
      },
      {
        "zhName": "馬爾他",
        "enName": "Malta",
        "shortName": "MT",
        "firstLetter": "M",
        "code": "356",
        "id": 179
      },
      {
        "zhName": "模里西斯",
        "enName": "Mauritius",
        "shortName": "MU",
        "firstLetter": "M",
        "code": "230",
        "id": 70
      },
      {
        "zhName": "馬爾地夫",
        "enName": "Maldives",
        "shortName": "MV",
        "firstLetter": "M",
        "code": "960",
        "id": 180
      },
      {
        "zhName": "馬拉威",
        "enName": "Malawi",
        "shortName": "MW",
        "firstLetter": "M",
        "code": "265",
        "id": 181
      },
      {
        "zhName": "墨西哥",
        "enName": "Mexico",
        "shortName": "MX",
        "firstLetter": "M",
        "code": "52",
        "id": 233
      },
      {
        "zhName": "馬來西亞",
        "enName": "Malaysia",
        "shortName": "MY",
        "firstLetter": "M",
        "code": "60",
        "id": 182
      },
      {
        "zhName": "莫三比克",
        "enName": "Mozambique",
        "shortName": "MZ",
        "firstLetter": "M",
        "code": "258",
        "id": 210
      },
      {
        "zhName": "納米比亞",
        "enName": "Namibia",
        "shortName": "NA",
        "firstLetter": "N",
        "code": "264",
        "id": 226
      },
      {
        "zhName": "新喀里多尼亞",
        "enName": "New Caledonia",
        "shortName": "NC",
        "firstLetter": "N",
        "code": "687",
        "id": 244
      },
      {
        "zhName": "尼日",
        "enName": "Niger",
        "shortName": "NE",
        "firstLetter": "N",
        "code": "227",
        "id": 189
      },
      {
        "zhName": "諾福克島",
        "enName": "Norfolk Island",
        "shortName": "NF",
        "firstLetter": "N",
        "code": "672",
        "id": 241
      },
      {
        "zhName": "奈及利亞",
        "enName": "Nigeria",
        "shortName": "NG",
        "firstLetter": "N",
        "code": "234",
        "id": 190
      },
      {
        "zhName": "尼加拉瓜",
        "enName": "Nicaragua",
        "shortName": "NI",
        "firstLetter": "N",
        "code": "505",
        "id": 188
      },
      {
        "zhName": "荷蘭",
        "enName": "Netherlands",
        "shortName": "NL",
        "firstLetter": "N",
        "code": "31",
        "id": 199
      },
      {
        "zhName": "挪威",
        "enName": "Norway",
        "shortName": "NO",
        "firstLetter": "N",
        "code": "47",
        "id": 173
      },
      {
        "zhName": "尼泊爾",
        "enName": "Nepal",
        "shortName": "NP",
        "firstLetter": "N",
        "code": "977",
        "id": 187
      },
      {
        "zhName": "諾魯",
        "enName": "Nauru",
        "shortName": "NR",
        "firstLetter": "N",
        "code": "674",
        "id": 137
      },
      {
        "zhName": "紐埃",
        "enName": "Niue",
        "shortName": "NU",
        "firstLetter": "N",
        "code": "683",
        "id": 227
      },
      {
        "zhName": "紐西蘭",
        "enName": "New Zealand",
        "shortName": "NZ",
        "firstLetter": "N",
        "code": "64",
        "id": 245
      },
      {
        "zhName": "阿曼",
        "enName": "Oman",
        "shortName": "OM",
        "firstLetter": "O",
        "code": "968",
        "id": 152
      },
      {
        "zhName": "巴拿馬",
        "enName": "Panama",
        "shortName": "PA",
        "firstLetter": "P",
        "code": "507",
        "id": 8
      },
      {
        "zhName": "秘魯",
        "enName": "Peru",
        "shortName": "PE",
        "firstLetter": "P",
        "code": "51",
        "id": 72
      },
      {
        "zhName": "法屬波利尼西亞",
        "enName": "French Polynesia",
        "shortName": "PF",
        "firstLetter": "P",
        "code": "689",
        "id": 34
      },
      {
        "zhName": "巴布亞紐幾內亞",
        "enName": "Papua New Guinea",
        "shortName": "PG",
        "firstLetter": "P",
        "code": "675",
        "id": 2
      },
      {
        "zhName": "菲律賓",
        "enName": "Philippines",
        "shortName": "PH",
        "firstLetter": "P",
        "code": "63",
        "id": 197
      },
      {
        "zhName": "巴基斯坦",
        "enName": "Pakistan",
        "shortName": "PK",
        "firstLetter": "P",
        "code": "92",
        "id": 4
      },
      {
        "zhName": "波蘭",
        "enName": "Poland",
        "shortName": "PL",
        "firstLetter": "P",
        "code": "48",
        "id": 31
      },
      {
        "zhName": "聖皮埃爾和密克隆",
        "enName": "Saint Pierre and Miquelon",
        "shortName": "PM",
        "firstLetter": "P",
        "code": "508",
        "id": 195
      },
      {
        "zhName": "皮特凱恩",
        "enName": "Pitcairn",
        "shortName": "PN",
        "firstLetter": "P",
        "code": "870",
        "id": 26
      },
      {
        "zhName": "波多黎各",
        "enName": "Puerto Rico",
        "shortName": "PR",
        "firstLetter": "P",
        "code": "1",
        "id": 29
      },
      {
        "zhName": "巴勒斯坦",
        "enName": "Palestine",
        "shortName": "PS",
        "firstLetter": "P",
        "code": "970",
        "id": 6
      },
      {
        "zhName": "葡萄牙",
        "enName": "Portugal",
        "shortName": "PT",
        "firstLetter": "P",
        "code": "351",
        "id": 211
      },
      {
        "zhName": "帛琉",
        "enName": "Palau",
        "shortName": "PW",
        "firstLetter": "P",
        "code": "680",
        "id": 126
      },
      {
        "zhName": "巴拉圭",
        "enName": "Paraguay",
        "shortName": "PY",
        "firstLetter": "P",
        "code": "595",
        "id": 5
      },
      {
        "zhName": "卡達",
        "enName": "Qatar",
        "shortName": "QA",
        "firstLetter": "Q",
        "code": "974",
        "id": 236
      },
      {
        "zhName": "留尼旺",
        "enName": "Reunion",
        "shortName": "RE",
        "firstLetter": "R",
        "code": "262",
        "id": 235
      },
      {
        "zhName": "羅馬尼亞",
        "enName": "Romania",
        "shortName": "RO",
        "firstLetter": "R",
        "code": "40",
        "id": 232
      },
      {
        "zhName": "塞爾維亞",
        "enName": "SERBIA",
        "shortName": "RS",
        "firstLetter": "R",
        "code": "381",
        "id": 109
      },
      {
        "zhName": "俄羅斯",
        "enName": "Russia",
        "shortName": "RU",
        "firstLetter": "R",
        "code": "7",
        "id": 161
      },
      {
        "zhName": "盧安達",
        "enName": "Rwanda",
        "shortName": "RW",
        "firstLetter": "R",
        "code": "250",
        "id": 240
      },
      {
        "zhName": "沙烏地阿拉伯",
        "enName": "Saudi Arabia",
        "shortName": "SA",
        "firstLetter": "S",
        "code": "966",
        "id": 41
      },
      {
        "zhName": "索羅門群島",
        "enName": "Solomon Islands",
        "shortName": "SB",
        "firstLetter": "S",
        "code": "677",
        "id": 73
      },
      {
        "zhName": "塞席爾",
        "enName": "Seychelles",
        "shortName": "SC",
        "firstLetter": "S",
        "code": "248",
        "id": 113
      },
      {
        "zhName": "蘇丹",
        "enName": "Sudan",
        "shortName": "SD",
        "firstLetter": "S",
        "code": "249",
        "id": 218
      },
      {
        "zhName": "瑞典",
        "enName": "Sweden",
        "shortName": "SE",
        "firstLetter": "S",
        "code": "46",
        "id": 138
      },
      {
        "zhName": "新加坡",
        "enName": "Singapore",
        "shortName": "SG",
        "firstLetter": "S",
        "code": "65",
        "id": 243
      },
      {
        "zhName": "聖赫勒拿",
        "enName": "Saint Helena",
        "shortName": "SH",
        "firstLetter": "S",
        "code": "290",
        "id": 193
      },
      {
        "zhName": "斯洛維尼亞",
        "enName": "Slovenia",
        "shortName": "SI",
        "firstLetter": "S",
        "code": "386",
        "id": 215
      },
      {
        "zhName": "斯瓦爾巴和楊梅",
        "enName": "Svalbard and Jan Mayen",
        "shortName": "SJ",
        "firstLetter": "S",
        "code": "47",
        "id": 216
      },
      {
        "zhName": "斯洛伐克",
        "enName": "Slovakia",
        "shortName": "SK",
        "firstLetter": "S",
        "code": "421",
        "id": 214
      },
      {
        "zhName": "獅子山共和國",
        "enName": "Sierra Leone",
        "shortName": "SL",
        "firstLetter": "S",
        "code": "232",
        "id": 110
      },
      {
        "zhName": "聖馬利諾",
        "enName": "San Marino",
        "shortName": "SM",
        "firstLetter": "S",
        "code": "378",
        "id": 45
      },
      {
        "zhName": "塞內加爾",
        "enName": "Senegal",
        "shortName": "SN",
        "firstLetter": "S",
        "code": "221",
        "id": 111
      },
      {
        "zhName": "索馬利亞",
        "enName": "Somalia",
        "shortName": "SO",
        "firstLetter": "S",
        "code": "252",
        "id": 114
      },
      {
        "zhName": "蘇利南",
        "enName": "Suriname",
        "shortName": "SR",
        "firstLetter": "S",
        "code": "597",
        "id": 219
      },
      {
        "zhName": "南蘇丹",
        "enName": "South Sudan",
        "shortName": "SS",
        "firstLetter": "S",
        "code": "211",
        "id": 108
      },
      {
        "zhName": "聖多美和普林西比",
        "enName": "Sao Tome and Principe",
        "shortName": "ST",
        "firstLetter": "S",
        "code": "239",
        "id": 42
      },
      {
        "zhName": "薩爾瓦多",
        "enName": "El Salvador",
        "shortName": "SV",
        "firstLetter": "S",
        "code": "503",
        "id": 212
      },
      {
        "zhName": "荷屬聖馬丁",
        "enName": "Sint Maarten",
        "shortName": "SX",
        "firstLetter": "S",
        "code": "599",
        "id": 201
      },
      {
        "zhName": "敘利亞",
        "enName": "Syria",
        "shortName": "SY",
        "firstLetter": "S",
        "code": "963",
        "id": 163
      },
      {
        "zhName": "史瓦濟蘭",
        "enName": "Swaziland",
        "shortName": "SZ",
        "firstLetter": "S",
        "code": "268",
        "id": 217
      },
      {
        "zhName": "特克斯和凱科斯群島",
        "enName": "Turks and Caicos Islands",
        "shortName": "TC",
        "firstLetter": "T",
        "code": "1649",
        "id": 74
      },
      {
        "zhName": "查德",
        "enName": "Chad",
        "shortName": "TD",
        "firstLetter": "T",
        "code": "235",
        "id": 166
      },
      {
        "zhName": "法屬南部領地",
        "enName": "French Southern Territories",
        "shortName": "TF",
        "firstLetter": "T",
        "code": "260",
        "id": 37
      },
      {
        "zhName": "多哥",
        "enName": "Togo",
        "shortName": "TG",
        "firstLetter": "T",
        "code": "228",
        "id": 154
      },
      {
        "zhName": "泰國",
        "enName": "Thailand",
        "shortName": "TH",
        "firstLetter": "T",
        "code": "66",
        "id": 174
      },
      {
        "zhName": "塔吉克",
        "enName": "Tajikistan",
        "shortName": "TJ",
        "firstLetter": "T",
        "code": "992",
        "id": 54
      },
      {
        "zhName": "托克勞",
        "enName": "Tokelau",
        "shortName": "TK",
        "firstLetter": "T",
        "code": "690",
        "id": 175
      },
      {
        "zhName": "東帝汶",
        "enName": "Timor-Leste(East Timor)",
        "shortName": "TL",
        "firstLetter": "T",
        "code": "670",
        "id": 20
      },
      {
        "zhName": "土庫曼",
        "enName": "Turkmenistan",
        "shortName": "TM",
        "firstLetter": "T",
        "code": "993",
        "id": 57
      },
      {
        "zhName": "突尼西亞",
        "enName": "Tunisia",
        "shortName": "TN",
        "firstLetter": "T",
        "code": "216",
        "id": 115
      },
      {
        "zhName": "東加",
        "enName": "Tonga",
        "shortName": "TO",
        "firstLetter": "T",
        "code": "676",
        "id": 46
      },
      {
        "zhName": "土耳其",
        "enName": "Turkey",
        "shortName": "TR",
        "firstLetter": "T",
        "code": "90",
        "id": 56
      },
      {
        "zhName": "千里達-托巴哥",
        "enName": "Trinidad and Tobago",
        "shortName": "TT",
        "firstLetter": "T",
        "code": "1868",
        "id": 75
      },
      {
        "zhName": "吐瓦魯",
        "enName": "Tuvalu",
        "shortName": "TV",
        "firstLetter": "T",
        "code": "688",
        "id": 234
      },
      {
        "zhName": "台灣",
        "enName": "Taiwan",
        "shortName": "TW",
        "firstLetter": "T",
        "code": "886",
        "id": 92
      },
      {
        "zhName": "坦尚尼亞",
        "enName": "Tanzania",
        "shortName": "TZ",
        "firstLetter": "T",
        "code": "255",
        "id": 55
      },
      {
        "zhName": "烏克蘭",
        "enName": "Ukraine",
        "shortName": "UA",
        "firstLetter": "U",
        "code": "380",
        "id": 78
      },
      {
        "zhName": "烏干達",
        "enName": "Uganda",
        "shortName": "UG",
        "firstLetter": "U",
        "code": "256",
        "id": 77
      },
      {
        "zhName": "美國小島離島",
        "enName": "United States Minor outlying Islands",
        "shortName": "UM",
        "firstLetter": "U",
        "code": "1",
        "id": 205
      },
      {
        "zhName": "美國",
        "enName": "United States",
        "shortName": "US",
        "firstLetter": "U",
        "code": "1",
        "id": 204
      },
      {
        "zhName": "烏拉圭",
        "enName": "Uruguay",
        "shortName": "UY",
        "firstLetter": "U",
        "code": "598",
        "id": 79
      },
      {
        "zhName": "烏茲別克",
        "enName": "Uzbekistan",
        "shortName": "UZ",
        "firstLetter": "U",
        "code": "998",
        "id": 80
      },
      {
        "zhName": "梵蒂岡",
        "enName": "Vatican",
        "shortName": "VA",
        "firstLetter": "V",
        "code": "39",
        "id": 21
      },
      {
        "zhName": "聖文森及格瑞那丁",
        "enName": "Saint Vincent and Grenadines",
        "shortName": "VC",
        "firstLetter": "V",
        "code": "1784",
        "id": 196
      },
      {
        "zhName": "委內瑞拉",
        "enName": "Venezuela",
        "shortName": "VE",
        "firstLetter": "V",
        "code": "58",
        "id": 76
      },
      {
        "zhName": "維爾京群島，英國",
        "enName": "Virgin Islands, British",
        "shortName": "VG",
        "firstLetter": "V",
        "code": "1284",
        "id": 228
      },
      {
        "zhName": "美屬維京群島",
        "enName": "Virgin Islands, U.S.",
        "shortName": "VI",
        "firstLetter": "V",
        "code": "1340",
        "id": 208
      },
      {
        "zhName": "越南",
        "enName": "Viet Nam",
        "shortName": "VN",
        "firstLetter": "V",
        "code": "84",
        "id": 58
      },
      {
        "zhName": "萬那杜",
        "enName": "Vanuatu",
        "shortName": "VU",
        "firstLetter": "V",
        "code": "678",
        "id": 141
      },
      {
        "zhName": "瓦利斯和富圖納",
        "enName": "Wallis and Futuna",
        "shortName": "WF",
        "firstLetter": "W",
        "code": "681",
        "id": 140
      },
      {
        "zhName": "薩摩亞",
        "enName": "Samoa",
        "shortName": "WS",
        "firstLetter": "W",
        "code": "685",
        "id": 207
      },
      {
        "zhName": "葉門",
        "enName": "Yemen",
        "shortName": "YE",
        "firstLetter": "Y",
        "code": "967",
        "id": 170
      },
      {
        "zhName": "馬約特",
        "enName": "Mayotte",
        "shortName": "YT",
        "firstLetter": "Y",
        "code": "262",
        "id": 186
      },
      {
        "zhName": "南非",
        "enName": "South Africa",
        "shortName": "ZA",
        "firstLetter": "Z",
        "code": "27",
        "id": 105
      },
      {
        "zhName": "尚比亞",
        "enName": "Zambia",
        "shortName": "ZM",
        "firstLetter": "Z",
        "code": "260",
        "id": 84
      },
      {
        "zhName": "辛巴威",
        "enName": "Zimbabwe",
        "shortName": "ZW",
        "firstLetter": "Z",
        "code": "263",
        "id": 40
      }
    ]
  }
}